#,Kanda,Saraga#,Sarga Name,URL2
1,Balakanda,1. ,nArada briefs vAlmIki about rAma & rAmAyaNa in a nutshell,https://sanskritdocuments.org/sites/valmikiramayan/baala/sarga1/balasans1.htm
2,Balakanda,2. ,vAlmIki gets divine guidance to compile the epic,https://sanskritdocuments.org/sites/valmikiramayan/baala/sarga2/balasans2.htm
3,Balakanda,3. ,vAlmIki gets divine guidance to compile the epic,https://sanskritdocuments.org/sites/valmikiramayan/baala/sarga3/balasans3.htm
4,Balakanda,4. ,Lava and Kusha assigned to sing the epic & rAma listents to it,https://sanskritdocuments.org/sites/valmikiramayan/baala/sarga4/balasans4.htm
5,Balakanda,5. ,City ayodhya detailed,https://sanskritdocuments.org/sites/valmikiramayan/baala/sarga5/balasans5.htm
6,Balakanda,6. ,Splendour of ayodhya city described,https://sanskritdocuments.org/sites/valmikiramayan/baala/sarga6/balasans6.htm
7,Balakanda,7. ,Estimable nature of king dasharatha's ministers,https://sanskritdocuments.org/sites/valmikiramayan/baala/sarga7/balasans7.htm
8,Balakanda,8. ,King dasharatha proposes Vedic ritual for progeny,https://sanskritdocuments.org/sites/valmikiramayan/baala/sarga8/balasans8.htm
9,Balakanda,9. ,Legend of Sage Rishyasringa  ,https://sanskritdocuments.org/sites/valmikiramayan/baala/sarga9/balasans9.htm
10,Balakanda,10. ,Rishyasringa enticed and brought from woods,https://sanskritdocuments.org/sites/valmikiramayan/baala/sarga10/balasans10.htm
11,Balakanda,11,dasaratha brings Rishyasringa to ayodhya,https://sanskritdocuments.org/sites/valmikiramayan/baala/sarga11/balasans11.htm
12,Balakanda,12. ,dasaratha readies to perform asvamedha ritual,https://sanskritdocuments.org/sites/valmikiramayan/baala/sarga12/balasans12.htm
13,Balakanda,13. ,ashva-medha begun; sage vashiSTa's arrangements,https://sanskritdocuments.org/sites/valmikiramayan/baala/sarga13/balasans13.htm
14,Balakanda,14. ,ashvamedha commenced as preamble to putrakAmeShTi ritual,https://sanskritdocuments.org/sites/valmikiramayan/baala/sarga14/balasans14.htm
15,Balakanda,15. ,Rishyashringa officiates putrakAmeShTi ritual for dasharatha,https://sanskritdocuments.org/sites/valmikiramayan/baala/sarga15/balasans15.htm
16,Balakanda,16. ,yajna purusha presents divine dessert as fruit of ritual,https://sanskritdocuments.org/sites/valmikiramayan/baala/sarga16/balasans16.htm
17,Balakanda,17. ,"brahma orders gods to spawn forest-rangers,vAnarA-s",https://sanskritdocuments.org/sites/valmikiramayan/baala/sarga17/balasans17.htm
18,Balakanda,18. ,"Rama, Bharata, Lakshmana and Shatrughna took births",https://sanskritdocuments.org/sites/valmikiramayan/baala/sarga18/balasans18.htm
19,Balakanda,19. ,Sage vishvamitra's arrival to take rAma along with him to guard ritual,https://sanskritdocuments.org/sites/valmikiramayan/baala/sarga19/balasans19.htm
20,Balakanda,20. ,dasharatha's dissent to spare rAma's servicees,https://sanskritdocuments.org/sites/valmikiramayan/baala/sarga20/balasans20.htm
21,Balakanda,21. ,Ire of sage vishvamitra; vashiShTha appeases dasharatha,https://sanskritdocuments.org/sites/valmikiramayan/baala/sarga21/balasans21.htm
22,Balakanda,22. ,"rAma, lakshmaNa travel with vishvamitra to his ritual place",https://sanskritdocuments.org/sites/valmikiramayan/baala/sarga22/balasans22.htm
23,Balakanda,23. ,Their sojourn at the confluence of the rivers ganga and sarayu,https://sanskritdocuments.org/sites/valmikiramayan/baala/sarga23/balasans23.htm
24,Balakanda,24. ,The legend of deomoness tATaka,https://sanskritdocuments.org/sites/valmikiramayan/baala/sarga24/balasans24.htm
25,Balakanda,25. ,The legend of deomoness tATaka - contd,https://sanskritdocuments.org/sites/valmikiramayan/baala/sarga25/balasans25.htm
26,Balakanda,26.  , Elimination of demoness tATaka,https://sanskritdocuments.org/sites/valmikiramayan/baala/sarga26/balasans26.htm
27,Balakanda,27. ,vishvAmitra endows rAma with supernatural missiles,https://sanskritdocuments.org/sites/valmikiramayan/baala/sarga27/balasans27.htm
28,Balakanda,28. ,vishvAmitra teaches rAma about annulment of missiles,https://sanskritdocuments.org/sites/valmikiramayan/baala/sarga28/balasans28.htm
29,Balakanda,29. ,Legend of vAmana narrated,https://sanskritdocuments.org/sites/valmikiramayan/baala/sarga29/balasans29.htm
30,Balakanda,30. ,Legend of siddha Ashrama,https://sanskritdocuments.org/sites/valmikiramayan/baala/sarga30/balasans30.htm
31,Balakanda,31. ,rAma safeguards vishvAmitra's vedic ritual,https://sanskritdocuments.org/sites/valmikiramayan/baala/sarga31/balasans31.htm
32,Balakanda,32.  , rAma'savel to mithila city,https://sanskritdocuments.org/sites/valmikiramayan/baala/sarga32/balasans32.htm
33,Balakanda,33. ,Legend of brahmadatta,https://sanskritdocuments.org/sites/valmikiramayan/baala/sarga33/balasans33.htm
34,Balakanda,34. ,Legend of vishvamitra's ancestry,https://sanskritdocuments.org/sites/valmikiramayan/baala/sarga34/balasans34.htm
35,Balakanda,35. ,Legend of River Ganga,https://sanskritdocuments.org/sites/valmikiramayan/baala/sarga35/balasans35.htm
36,Balakanda,36. ,Legend of Uma and her curse,https://sanskritdocuments.org/sites/valmikiramayan/baala/sarga36/balasans36.htm
37,Balakanda,37. ,Legend of kaartikeya,https://sanskritdocuments.org/sites/valmikiramayan/baala/sarga37/balasans37.htm
38,Balakanda,38. ,Legend of emperor sagara,https://sanskritdocuments.org/sites/valmikiramayan/baala/sarga38/balasans38.htm
39,Balakanda,39. ,sagara's sons dig earth in search of ritual hose,https://sanskritdocuments.org/sites/valmikiramayan/baala/sarga39/balasans39.htm
40,Balakanda,40. ,Sage kapila burns the sons of sagara,https://sanskritdocuments.org/sites/valmikiramayan/baala/sarga40/balasans40.htm
41,Balakanda,41. ,sagara's grandson amshuman's search for the horse,https://sanskritdocuments.org/sites/valmikiramayan/baala/sarga41/balasans41.htm
42,Balakanda,42. ,king bhageeratha's effort to bring river ganga ion to the earth,https://sanskritdocuments.org/sites/valmikiramayan/baala/sarga42/balasans42.htm
43,Balakanda,43. ,River ganga's descent onto earth,https://sanskritdocuments.org/sites/valmikiramayan/baala/sarga43/balasans43.htm
44,Balakanda,44. ,brahma commends bhageeratha,https://sanskritdocuments.org/sites/valmikiramayan/baala/sarga44/balasans44.htm
45,Balakanda,45. ,The legend of churning Milk Ocean,https://sanskritdocuments.org/sites/valmikiramayan/baala/sarga45/balasans45.htm
46,Balakanda,46. ,Lady diti seeks for a son to kill Indra,https://sanskritdocuments.org/sites/valmikiramayan/baala/sarga46/balasans46.htm
47,Balakanda,47. ,"The legend of Seven-maruts, wind-gods",https://sanskritdocuments.org/sites/valmikiramayan/baala/sarga47/balasans47.htm
48,Balakanda,48. ,The legend of ahalya,https://sanskritdocuments.org/sites/valmikiramayan/baala/sarga48/balasans48.htm
49,Balakanda,49. ,Redemption of ahalya from her curse,https://sanskritdocuments.org/sites/valmikiramayan/baala/sarga49/balasans49.htm
50,Balakanda,50. ,Redemption of ahalya from her curse cont,https://sanskritdocuments.org/sites/valmikiramayan/baala/sarga50/balasans50.htm
51,Balakanda,51. ,The legend of vishvamitra,https://sanskritdocuments.org/sites/valmikiramayan/baala/sarga51/balasans51.htm
52,Balakanda,52. ,he legend of Vishvamitra- contd,https://sanskritdocuments.org/sites/valmikiramayan/baala/sarga52/balasans52.htm
53,Balakanda,53, vishvamitra tries to gain kaamadhenu,https://sanskritdocuments.org/sites/valmikiramayan/baala/sarga53/balasans53.htm
54,Balakanda,54. ,Sacred-Cow creates forces to fightback,https://sanskritdocuments.org/sites/valmikiramayan/baala/sarga54/balasans54.htm
55,Balakanda,55. ,vishvamitra ruins vashiSTHa's hermitage,https://sanskritdocuments.org/sites/valmikiramayan/baala/sarga55/balasans55.htm
56,Balakanda,56. ,vashiSTa nullifies Vishvamitra's missiles,https://sanskritdocuments.org/sites/valmikiramayan/baala/sarga56/balasans56.htm
57,Balakanda,57. ,The Legend of trishanku,https://sanskritdocuments.org/sites/valmikiramayan/baala/sarga57/balasans57.htm
58,Balakanda,58. ,trishanku seeks shelter of vishvamitra,https://sanskritdocuments.org/sites/valmikiramayan/baala/sarga58/balasans58.htm
59,Balakanda,59, trishankuundertakes Vedic ritual,https://sanskritdocuments.org/sites/valmikiramayan/baala/sarga59/balasans59.htm
60,Balakanda,60. ,trishanku's ascension to heaven,https://sanskritdocuments.org/sites/valmikiramayan/baala/sarga60/balasans60.htm
61,Balakanda,61. ,Lend of shunashshepa,https://sanskritdocuments.org/sites/valmikiramayan/baala/sarga61/balasans61.htm
62,Balakanda,62. ,Legend of shunashshepa [contd,https://sanskritdocuments.org/sites/valmikiramayan/baala/sarga62/balasans62.htm
63,Balakanda,63. ,Legend of vishvamitra [contd,https://sanskritdocuments.org/sites/valmikiramayan/baala/sarga63/balasans63.htm
64,Balakanda,64. ,Legend of vishvamitra [contd,https://sanskritdocuments.org/sites/valmikiramayan/baala/sarga64/balasans64.htm
65,Balakanda,65. ,Legend of vishvamitra - concluded,https://sanskritdocuments.org/sites/valmikiramayan/baala/sarga65/balasans65.htm
66,Balakanda,66. ,Legend of shiva's bow,https://sanskritdocuments.org/sites/valmikiramayan/baala/sarga66/balasans66.htm
67,Balakanda,67. ,rAma breaks shiva's bow,https://sanskritdocuments.org/sites/valmikiramayan/baala/sarga67/balasans67.htm
68,Balakanda,68. ,janaka sends message to ayodhya,https://sanskritdocuments.org/sites/valmikiramayan/baala/sarga68/balasans68.htm
69,Balakanda,69. ,dasharatha arrives at mithila,https://sanskritdocuments.org/sites/valmikiramayan/baala/sarga69/balasans69.htm
70,Balakanda,70. ,ikshvaaku's lineage detailed,https://sanskritdocuments.org/sites/valmikiramayan/baala/sarga70/balasans70.htm
71,Balakanda,71. ,janaka's lineage detailed,https://sanskritdocuments.org/sites/valmikiramayan/baala/sarga71/balasans71.htm
72,Balakanda,72. ,"Marriage alliance to bharata, shatrughna",https://sanskritdocuments.org/sites/valmikiramayan/baala/sarga72/balasans72.htm
73,Balakanda,73, sItha's marriage with rAma,https://sanskritdocuments.org/sites/valmikiramayan/baala/sarga73/balasans73.htm
74,Balakanda,74. ,parashu rAma's arrival,https://sanskritdocuments.org/sites/valmikiramayan/baala/sarga74/balasans74.htm
75,Balakanda,75. ,Legends of shiva and vishnu bows,https://sanskritdocuments.org/sites/valmikiramayan/baala/sarga75/balasans75.htm
76,Balakanda,76. ,parashu rAma's pride is hurt,https://sanskritdocuments.org/sites/valmikiramayan/baala/sarga76/balasans76.htm
77,Balakanda,77, Happy days after marriages,https://sanskritdocuments.org/sites/valmikiramayan/baala/sarga77/balasans77.htm
78,Ayodhya,1," Rama, The Hero",https://sanskritdocuments.org/sites/valmikiramayan/ayodhya/sarga1/ayodhyasans1.htm
79,Ayodhya,2, Dasaratha's Desire,https://sanskritdocuments.org/sites/valmikiramayan/ayodhya/sarga2/ayodhyasans2.htm
80,Ayodhya,3, Preparing for the Ceremony,https://sanskritdocuments.org/sites/valmikiramayan/ayodhya/sarga3/ayodhyasans3.htm
81,Ayodhya,4, Dasaratha's Premonition,https://sanskritdocuments.org/sites/valmikiramayan/ayodhya/sarga4/ayodhyasans4.htm
82,Ayodhya,5, Festivities in Ayodhya,https://sanskritdocuments.org/sites/valmikiramayan/ayodhya/sarga5/ayodhyasans5.htm
83,Ayodhya,6, Joy of a city,https://sanskritdocuments.org/sites/valmikiramayan/ayodhya/sarga6/ayodhyasans6.htm
84,Ayodhya,7, The wicked Manthara,https://sanskritdocuments.org/sites/valmikiramayan/ayodhya/sarga7/ayodhyasans7.htm
85,Ayodhya,8, Manthara's sinful words,https://sanskritdocuments.org/sites/valmikiramayan/ayodhya/sarga8/ayodhyasans8.htm
86,Ayodhya,9, Manthara's success in poisoning Kaikeyi's mind,https://sanskritdocuments.org/sites/valmikiramayan/ayodhya/sarga9/ayodhyasans9.htm
87,Ayodhya,10, Kaikeyi enters the house of wrath,https://sanskritdocuments.org/sites/valmikiramayan/ayodhya/sarga10/ayodhyasans10.htm
88,Ayodhya,11, Kaikeyi's evil boons,https://sanskritdocuments.org/sites/valmikiramayan/ayodhya/sarga11/ayodhyasans11.htm
89,Ayodhya,12, Dasaratha's reaction and Kaikeyi's adamant nature,https://sanskritdocuments.org/sites/valmikiramayan/ayodhya/sarga12/ayodhyasans12.htm
90,Ayodhya,13, Dasaratha's grief and anguish,https://sanskritdocuments.org/sites/valmikiramayan/ayodhya/sarga13/ayodhyasans13.htm
91,Ayodhya,14, The night passes,https://sanskritdocuments.org/sites/valmikiramayan/ayodhya/sarga14/ayodhyasans14.htm
92,Ayodhya,15, Sumantra arrives at Sri Rama's chambers,https://sanskritdocuments.org/sites/valmikiramayan/ayodhya/sarga15/ayodhyasans15.htm
93,Ayodhya,16, Jubilant city of Ayodhya,https://sanskritdocuments.org/sites/valmikiramayan/ayodhya/sarga16/ayodhyasans16.htm
94,Ayodhya,17, Rama's arrival at royal court,https://sanskritdocuments.org/sites/valmikiramayan/ayodhya/sarga17/ayodhyasans17.htm
95,Ayodhya,18, Kaikeyi's harsh words,https://sanskritdocuments.org/sites/valmikiramayan/ayodhya/sarga18/ayodhyasans18.htm
96,Ayodhya,19, Rama decides to leave for forest,https://sanskritdocuments.org/sites/valmikiramayan/ayodhya/sarga19/ayodhyasans19.htm
97,Ayodhya,20, Kausalya's grief,https://sanskritdocuments.org/sites/valmikiramayan/ayodhya/sarga20/ayodhyasans20.htm
98,Ayodhya,21,Rama consoles angry Lakshmana,https://sanskritdocuments.org/sites/valmikiramayan/ayodhya/sarga21/ayodhyasans21.htm
99,Ayodhya,22,Rama tries to pacify Lakshmana further,https://sanskritdocuments.org/sites/valmikiramayan/ayodhya/sarga22/ayodhyasans22.htm
100,Ayodhya,23, Lakshmana's angry words,https://sanskritdocuments.org/sites/valmikiramayan/ayodhya/sarga23/ayodhyasans23.htm
101,Ayodhya,24, Rama obtains Kausalya's permission,https://sanskritdocuments.org/sites/valmikiramayan/ayodhya/sarga24/ayodhyasans24.htm
102,Ayodhya,25, Kausalya bids farewell to Rama,https://sanskritdocuments.org/sites/valmikiramayan/ayodhya/sarga25/ayodhyasans25.htm
103,Ayodhya,26, Rama lets Seetha know of King's wish,https://sanskritdocuments.org/sites/valmikiramayan/ayodhya/sarga26/ayodhyasans26.htm
104,Ayodhya,27, Seetha's wish to go to forest along with Rama,https://sanskritdocuments.org/sites/valmikiramayan/ayodhya/sarga27/ayodhyasans27.htm
105,Ayodhya,28, Rama warns Seetha of difficulties of staying in forest,https://sanskritdocuments.org/sites/valmikiramayan/ayodhya/sarga28/ayodhyasans28.htm
106,Ayodhya,29, Seetha's insistence on going to the forest,https://sanskritdocuments.org/sites/valmikiramayan/ayodhya/sarga29/ayodhyasans29.htm
107,Ayodhya,30, Rama agrees to take Seetha to the forest,https://sanskritdocuments.org/sites/valmikiramayan/ayodhya/sarga30/ayodhyasans30.htm
108,Ayodhya,31, Lakshmana too is permitted to go to the forest,https://sanskritdocuments.org/sites/valmikiramayan/ayodhya/sarga31/ayodhyasans31.htm
109,Ayodhya,32, Rama distributes his wealth to Rishis,https://sanskritdocuments.org/sites/valmikiramayan/ayodhya/sarga32/ayodhyasans32.htm
110,Ayodhya,33, Rama pays respects to his father at departure,https://sanskritdocuments.org/sites/valmikiramayan/ayodhya/sarga33/ayodhyasans33.htm
111,Ayodhya,34, Rama consoles Dasaratha,https://sanskritdocuments.org/sites/valmikiramayan/ayodhya/sarga34/ayodhyasans34.htm
112,Ayodhya,35,Sumantra Rails at Kaikeyi,https://sanskritdocuments.org/sites/valmikiramayan/ayodhya/sarga35/ayodhyasans35.htm
113,Ayodhya,36, Siddhartha tries to persuade Kaikeyi,https://sanskritdocuments.org/sites/valmikiramayan/ayodhya/sarga36/ayodhyasans36.htm
114,Ayodhya,37, Kaikeyi offers tree bark to Seetha to wear,https://sanskritdocuments.org/sites/valmikiramayan/ayodhya/sarga37/ayodhyasans37.htm
115,Ayodhya,38, Dasaratha is enraged,https://sanskritdocuments.org/sites/valmikiramayan/ayodhya/sarga38/ayodhyasans38.htm
116,Ayodhya,39, Rama seeks blessings of his mother,https://sanskritdocuments.org/sites/valmikiramayan/ayodhya/sarga39/ayodhyasans39.htm
117,Ayodhya,40, Rama's departure from Ayodhya,https://sanskritdocuments.org/sites/valmikiramayan/ayodhya/sarga40/ayodhyasans40.htm
118,Ayodhya,41, The Grief,https://sanskritdocuments.org/sites/valmikiramayan/ayodhya/sarga41/ayodhyasans41.htm
119,Ayodhya,42, Dasaratha feels dejected,https://sanskritdocuments.org/sites/valmikiramayan/ayodhya/sarga42/ayodhyasans42.htm
120,Ayodhya,43, Lamentation of Kausalya,https://sanskritdocuments.org/sites/valmikiramayan/ayodhya/sarga43/ayodhyasans43.htm
121,Ayodhya,44, Sumitra assuages Kausalya's grief,https://sanskritdocuments.org/sites/valmikiramayan/ayodhya/sarga44/ayodhyasans44.htm
122,Ayodhya,45, Rama requests the citizens to return to Ayodhya,https://sanskritdocuments.org/sites/valmikiramayan/ayodhya/sarga45/ayodhyasans45.htm
123,Ayodhya,46, Rama passes the night on the banks of Tamasa river.,https://sanskritdocuments.org/sites/valmikiramayan/ayodhya/sarga46/ayodhyasans46.htm
124,Ayodhya,47, The people of Ayodhya begin to rebuke themselves,https://sanskritdocuments.org/sites/valmikiramayan/ayodhya/sarga47/ayodhyasans47.htm
125,Ayodhya,48, Rama's departure for the forest,https://sanskritdocuments.org/sites/valmikiramayan/ayodhya/sarga48/ayodhyasans48.htm
126,Ayodhya,49, Rama crossed three rivers,https://sanskritdocuments.org/sites/valmikiramayan/ayodhya/sarga49/ayodhyasans49.htm
127,Ayodhya,50, Rama bids farewell to his birth-place,https://sanskritdocuments.org/sites/valmikiramayan/ayodhya/sarga50/ayodhyasans50.htm
128,Ayodhya,51, Guha requests Lakshmana to take rest,https://sanskritdocuments.org/sites/valmikiramayan/ayodhya/sarga51/ayodhyasans51.htm
129,Ayodhya,52, Guha gets a boat ready,https://sanskritdocuments.org/sites/valmikiramayan/ayodhya/sarga52/ayodhyasans52.htm
130,Ayodhya,53, Rama tries to send Lakshmana back to Ayodhya,https://sanskritdocuments.org/sites/valmikiramayan/ayodhya/sarga53/ayodhyasans53.htm
131,Ayodhya,54, The hermitage of Bharadwaja,https://sanskritdocuments.org/sites/valmikiramayan/ayodhya/sarga54/ayodhyasans54.htm
132,Ayodhya,55, Sage Bharadwaja informs the route of Chitrakuta,https://sanskritdocuments.org/sites/valmikiramayan/ayodhya/sarga55/ayodhyasans55.htm
133,Ayodhya,56, The Chitrakuta Mountain,https://sanskritdocuments.org/sites/valmikiramayan/ayodhya/sarga56/ayodhyasans56.htm
134,Ayodhya,57, Sumantra drives back to Ayodhya,https://sanskritdocuments.org/sites/valmikiramayan/ayodhya/sarga57/ayodhyasans57.htm
135,Ayodhya,58, Sumantra delivers the messages of Rama,https://sanskritdocuments.org/sites/valmikiramayan/ayodhya/sarga58/ayodhyasans58.htm
136,Ayodhya,59, Dasaratha falls unconscious,https://sanskritdocuments.org/sites/valmikiramayan/ayodhya/sarga59/ayodhyasans59.htm
137,Ayodhya,60, Sumantra was unable to console Kausalya,https://sanskritdocuments.org/sites/valmikiramayan/ayodhya/sarga60/ayodhyasans60.htm
138,Ayodhya,61, Kausalya rebukes Dasaratha for his evil act,https://sanskritdocuments.org/sites/valmikiramayan/ayodhya/sarga61/ayodhyasans61.htm
139,Ayodhya,62, King Dasaratha loses consciousness,https://sanskritdocuments.org/sites/valmikiramayan/ayodhya/sarga62/ayodhyasans62.htm
140,Ayodhya,63, Dasaratha narrates his sin to Kausalya,https://sanskritdocuments.org/sites/valmikiramayan/ayodhya/sarga63/ayodhyasans63.htm
141,Ayodhya,64, Dasaratha continued to narrate to Kausalya,https://sanskritdocuments.org/sites/valmikiramayan/ayodhya/sarga64/ayodhyasans64.htm
142,Ayodhya,65, Dasaratha passes away,https://sanskritdocuments.org/sites/valmikiramayan/ayodhya/sarga65/ayodhyasans65.htm
143,Ayodhya,66, Kausalya reproaches Kaikeyi,https://sanskritdocuments.org/sites/valmikiramayan/ayodhya/sarga66/ayodhyasans66.htm
144,Ayodhya,67, Brahmins urge Vasishta to select a youth to be the king,https://sanskritdocuments.org/sites/valmikiramayan/ayodhya/sarga67/ayodhyasans67.htm
145,Ayodhya,68, Vasishta instructs messengers to call Bharata and Satrughna,https://sanskritdocuments.org/sites/valmikiramayan/ayodhya/sarga68/ayodhyasans68.htm
146,Ayodhya,69, Bharata experiences a bad dream,https://sanskritdocuments.org/sites/valmikiramayan/ayodhya/sarga69/ayodhyasans69.htm
147,Ayodhya,70, The messengers enter the city of Rajagriha,https://sanskritdocuments.org/sites/valmikiramayan/ayodhya/sarga70/ayodhyasans70.htm
148,Ayodhya,71, Bharata reaches the city of Ayodhya,https://sanskritdocuments.org/sites/valmikiramayan/ayodhya/sarga71/ayodhyasans71.htm
149,Ayodhya,72, Kaikeyi informs Bharata about the death of Dasaratha,https://sanskritdocuments.org/sites/valmikiramayan/ayodhya/sarga72/ayodhyasans72.htm
150,Ayodhya,73, Bharata reproaches Kaikeyi in many ways,https://sanskritdocuments.org/sites/valmikiramayan/ayodhya/sarga73/ayodhyasans73.htm
151,Ayodhya,74, Bharata then promises that he would bring Rama back,https://sanskritdocuments.org/sites/valmikiramayan/ayodhya/sarga74/ayodhyasans74.htm
152,Ayodhya,75, Bharata and Satrughna go to Kausalya's palace,https://sanskritdocuments.org/sites/valmikiramayan/ayodhya/sarga75/ayodhyasans75.htm
153,Ayodhya,76, Advice of Vasishta to Bharata,https://sanskritdocuments.org/sites/valmikiramayan/ayodhya/sarga76/ayodhyasans76.htm
154,Ayodhya,77, Bharata and Shatrughna grieve on cremation ground,https://sanskritdocuments.org/sites/valmikiramayan/ayodhya/sarga77/ayodhyasans77.htm
155,Ayodhya,78, Shatrughna seizes Manthara and threatens to punish her,https://sanskritdocuments.org/sites/valmikiramayan/ayodhya/sarga78/ayodhyasans78.htm
156,Ayodhya,79, The king-makers request Bharata to take over Ayodhya kingdom,https://sanskritdocuments.org/sites/valmikiramayan/ayodhya/sarga79/ayodhyasans79.htm
157,Ayodhya,80, Construction of a high-way from Ayodhya to River Ganga,https://sanskritdocuments.org/sites/valmikiramayan/ayodhya/sarga80/ayodhyasans80.htm
158,Ayodhya,81, Bharata with Shatrughna enters the assembly,https://sanskritdocuments.org/sites/valmikiramayan/ayodhya/sarga81/ayodhyasans81.htm
159,Ayodhya,82, Bharata refuses to rob the throne from Rama.,https://sanskritdocuments.org/sites/valmikiramayan/ayodhya/sarga82/ayodhyasans82.htm
160,Ayodhya,83, Bharata goes to see Rama,https://sanskritdocuments.org/sites/valmikiramayan/ayodhya/sarga83/ayodhyasans83.htm
161,Ayodhya,84, Guha welcomes Bharata with drink of honey and meat,https://sanskritdocuments.org/sites/valmikiramayan/ayodhya/sarga84/ayodhyasans84.htm
162,Ayodhya,85, Bharata thanks Guha for his hospitality,https://sanskritdocuments.org/sites/valmikiramayan/ayodhya/sarga85/ayodhyasans85.htm
163,Ayodhya,86, Guha narrates Bharata about Rama's stay,https://sanskritdocuments.org/sites/valmikiramayan/ayodhya/sarga86/ayodhyasans86.htm
164,Ayodhya,87, Guha reports further details of Rama,https://sanskritdocuments.org/sites/valmikiramayan/ayodhya/sarga87/ayodhyasans87.htm
165,Ayodhya,88, Bharata approaches the foot of Angudi tree,https://sanskritdocuments.org/sites/valmikiramayan/ayodhya/sarga88/ayodhyasans88.htm
166,Ayodhya,89, Bharata asks Guha to to ferry them across the river by boats.,https://sanskritdocuments.org/sites/valmikiramayan/ayodhya/sarga89/ayodhyasans89.htm
167,Ayodhya,90, Bharata proceeds to see Bharadwaja,https://sanskritdocuments.org/sites/valmikiramayan/ayodhya/sarga90/ayodhyasans90.htm
168,Ayodhya,91, Bharadwaja arranges a befitting hospitality to Bharata.,https://sanskritdocuments.org/sites/valmikiramayan/ayodhya/sarga91/ayodhyasans91.htm
169,Ayodhya,92, Bharata approaches Bharadwaja,https://sanskritdocuments.org/sites/valmikiramayan/ayodhya/sarga92/ayodhyasans92.htm
170,Ayodhya,93, Bharata and his army reach Chitrakuta mountain,https://sanskritdocuments.org/sites/valmikiramayan/ayodhya/sarga93/ayodhyasans93.htm
171,Ayodhya,94, Rama shows the captivating scenery of Chitrakuta to Seetha,https://sanskritdocuments.org/sites/valmikiramayan/ayodhya/sarga94/ayodhyasans94.htm
172,Ayodhya,95, Rama and Seetha spend some time at Mandakini River,https://sanskritdocuments.org/sites/valmikiramayan/ayodhya/sarga95/ayodhyasans95.htm
173,Ayodhya,96, Rama hears a gigantic clamour of an army,https://sanskritdocuments.org/sites/valmikiramayan/ayodhya/sarga96/ayodhyasans96.htm
174,Ayodhya,97," Rama pacifies Lakshmana, who is angry with Bharata",https://sanskritdocuments.org/sites/valmikiramayan/ayodhya/sarga97/ayodhyasans97.htm
175,Ayodhya,98, Bharata continues his search for Rama's hermitage,https://sanskritdocuments.org/sites/valmikiramayan/ayodhya/sarga98/ayodhyasans98.htm
176,Ayodhya,99, Bharata beholds Rama's hermitage and approaches it,https://sanskritdocuments.org/sites/valmikiramayan/ayodhya/sarga99/ayodhyasans99.htm
177,Ayodhya,100, Rama enquires his father's welfare with Bharata,https://sanskritdocuments.org/sites/valmikiramayan/ayodhya/sarga100/ayodhyasans100.htm
178,Ayodhya,101, Bharata informs Rama about Dasaratha's death,https://sanskritdocuments.org/sites/valmikiramayan/ayodhya/sarga101/ayodhyasans101.htm
179,Ayodhya,102, Bharata requests Rama to come to Ayodhya,https://sanskritdocuments.org/sites/valmikiramayan/ayodhya/sarga102/ayodhyasans102.htm
180,Ayodhya,103," Rama fainted away, after hearing the news of his father's death",https://sanskritdocuments.org/sites/valmikiramayan/ayodhya/sarga103/ayodhyasans103.htm
181,Ayodhya,104, Vasishta advances to the hermitage of Rama.,https://sanskritdocuments.org/sites/valmikiramayan/ayodhya/sarga104/ayodhyasans104.htm
182,Ayodhya,105, Bharata requests Rama to accept the kingdom,https://sanskritdocuments.org/sites/valmikiramayan/ayodhya/sarga105/ayodhyasans105.htm
183,Ayodhya,106, Bharata gives many reasons to Rama to accept the throne,https://sanskritdocuments.org/sites/valmikiramayan/ayodhya/sarga106/ayodhyasans106.htm
184,Ayodhya,107, Rama tells Bharata about Dasaratha's promise of kingdom,https://sanskritdocuments.org/sites/valmikiramayan/ayodhya/sarga107/ayodhyasans107.htm
185,Ayodhya,108, Jabali tries to persuade Rama to accept the Kingdom,https://sanskritdocuments.org/sites/valmikiramayan/ayodhya/sarga108/ayodhyasans108.htm
186,Ayodhya,109, Rama refutes the atheistic arguments of Jabali,https://sanskritdocuments.org/sites/valmikiramayan/ayodhya/sarga109/ayodhyasans109.htm
187,Ayodhya,110, Vasishta gives details of the creation of the world to Sri Rama.,https://sanskritdocuments.org/sites/valmikiramayan/ayodhya/sarga110/ayodhyasans110.htm
188,Ayodhya,111, Vashishta urges Rama to grant the prayer of Bharata,https://sanskritdocuments.org/sites/valmikiramayan/ayodhya/sarga111/ayodhyasans111.htm
189,Ayodhya,112, The sages requests Bharata to accept Rama's words,https://sanskritdocuments.org/sites/valmikiramayan/ayodhya/sarga112/ayodhyasans112.htm
190,Ayodhya,113," Keeping Rama's sandals on his head, Bharata ascends his chariot",https://sanskritdocuments.org/sites/valmikiramayan/ayodhya/sarga113/ayodhyasans113.htm
191,Ayodhya,114, Bharata enters Ayodhya city,https://sanskritdocuments.org/sites/valmikiramayan/ayodhya/sarga114/ayodhyasans114.htm
192,Ayodhya,115, Bharata expresses his desire to proceed to Nandigrama village,https://sanskritdocuments.org/sites/valmikiramayan/ayodhya/sarga115/ayodhyasans115.htm
193,Ayodhya,116, Rama notices anxiety among the sages who live in the vicinity,https://sanskritdocuments.org/sites/valmikiramayan/ayodhya/sarga116/ayodhyasans116.htm
194,Ayodhya,117, Rama decides to leave Chitrakuta Mountain,https://sanskritdocuments.org/sites/valmikiramayan/ayodhya/sarga117/ayodhyasans117.htm
195,Ayodhya,118, Anasuya instructs Seetha on the role of a devoted wife,https://sanskritdocuments.org/sites/valmikiramayan/ayodhya/sarga118/ayodhyasans118.htm
196,Ayodhya,119, Seetha shows the gifts of Anasuya to Rama.,https://sanskritdocuments.org/sites/valmikiramayan/ayodhya/sarga119/ayodhyasans119.htm
197,Aranya,1, Entering Dandaka Forest,https://sanskritdocuments.org/sites/valmikiramayan/aranya/sarga1/aranyasans1.htm
198,Aranya,2, Confrontation with Viraadha,https://sanskritdocuments.org/sites/valmikiramayan/aranya/sarga2/aranyasans2.htm
199,Aranya,3, Viradha attacks Sri Rama and Lakshmana,https://sanskritdocuments.org/sites/valmikiramayan/aranya/sarga3/aranyasans3.htm
200,Aranya,4, Curse of Viradha,https://sanskritdocuments.org/sites/valmikiramayan/aranya/sarga4/aranyasans4.htm
201,Aranya,5,Hermitage of Sage Sharabhanga,https://sanskritdocuments.org/sites/valmikiramayan/aranya/sarga5/aranyasans5.htm
202,Aranya,6, Approach of Sages and Hermits,https://sanskritdocuments.org/sites/valmikiramayan/aranya/sarga6/aranyasans6.htm
203,Aranya,7, Hermitage of Sage Suteekshna,https://sanskritdocuments.org/sites/valmikiramayan/aranya/sarga7/aranyasans7.htm
204,Aranya,8, Dialogue with Sage Suteekshna,https://sanskritdocuments.org/sites/valmikiramayan/aranya/sarga8/aranyasans8.htm
205,Aranya,9, Seetha concerned about Sri Rama's vow to kill demons,https://sanskritdocuments.org/sites/valmikiramayan/aranya/sarga9/aranyasans9.htm
206,Aranya,10, Sri Rama's reply to Seetha,https://sanskritdocuments.org/sites/valmikiramayan/aranya/sarga10/aranyasans10.htm
207,Aranya,11, Stories of Sages Mandakarani and Agastya,https://sanskritdocuments.org/sites/valmikiramayan/aranya/sarga11/aranyasans11.htm
208,Aranya,12, Entering the hermitage of Sage Agastya,https://sanskritdocuments.org/sites/valmikiramayan/aranya/sarga12/aranyasans12.htm
209,Aranya,13, Sage Agastya directs Sri Rama to Panchavati,https://sanskritdocuments.org/sites/valmikiramayan/aranya/sarga13/aranyasans13.htm
210,Aranya,14, Sri Rama's Contact with Jatayu,https://sanskritdocuments.org/sites/valmikiramayan/aranya/sarga14/aranyasans14.htm
211,Aranya,15, The Panchavati,https://sanskritdocuments.org/sites/valmikiramayan/aranya/sarga15/aranyasans15.htm
212,Aranya,16, Lakshmana's description of vasanta season,https://sanskritdocuments.org/sites/valmikiramayan/aranya/sarga16/aranyasans16.htm
213,Aranya,17, Surpanakha's entry into legend,https://sanskritdocuments.org/sites/valmikiramayan/aranya/sarga17/aranyasans17.htm
214,Aranya,18, Lakshmana punishes Surpanakha,https://sanskritdocuments.org/sites/valmikiramayan/aranya/sarga18/aranyasans18.htm
215,Aranya,19, Surpanakha's reporting to her brother Khara,https://sanskritdocuments.org/sites/valmikiramayan/aranya/sarga19/aranyasans19.htm
216,Aranya,20, Rama eliminates Khara's demons,https://sanskritdocuments.org/sites/valmikiramayan/aranya/sarga20/aranyasans20.htm
217,Aranya,21, Surpanakha reports demons death to Khara,https://sanskritdocuments.org/sites/valmikiramayan/aranya/sarga21/aranyasans21.htm
218,Aranya,22, Khara's army marches to Rama.,https://sanskritdocuments.org/sites/valmikiramayan/aranya/sarga22/aranyasans22.htm
219,Aranya,23, Khara's army face bad-omens,https://sanskritdocuments.org/sites/valmikiramayan/aranya/sarga23/aranyasans23.htm
220,Aranya,24, Rama's readiness to war with Khara,https://sanskritdocuments.org/sites/valmikiramayan/aranya/sarga24/aranyasans24.htm
221,Aranya,25, Rama's war with Khara's demons,https://sanskritdocuments.org/sites/valmikiramayan/aranya/sarga25/aranyasans25.htm
222,Aranya,26, Rama eliminates Dushana and his army,https://sanskritdocuments.org/sites/valmikiramayan/aranya/sarga26/aranyasans26.htm
223,Aranya,27, Elimination of Trishira,https://sanskritdocuments.org/sites/valmikiramayan/aranya/sarga27/aranyasans27.htm
224,Aranya,28, Khara's war with Rama,https://sanskritdocuments.org/sites/valmikiramayan/aranya/sarga28/aranyasans28.htm
225,Aranya,29, Khara's fight with Rama,https://sanskritdocuments.org/sites/valmikiramayan/aranya/sarga29/aranyasans29.htm
226,Aranya,30, Elimination of Khara,https://sanskritdocuments.org/sites/valmikiramayan/aranya/sarga30/aranyasans30.htm
227,Aranya,31, Akampana's repot to Ravana,https://sanskritdocuments.org/sites/valmikiramayan/aranya/sarga31/aranyasans31.htm
228,Aranya,32, Ravana's pomp and pride,https://sanskritdocuments.org/sites/valmikiramayan/aranya/sarga32/aranyasans32.htm
229,Aranya,33, Shurpanakha accuses Ravana,https://sanskritdocuments.org/sites/valmikiramayan/aranya/sarga33/aranyasans33.htm
230,Aranya,34, Surpanakha allures Ravana to marry Seetha,https://sanskritdocuments.org/sites/valmikiramayan/aranya/sarga34/aranyasans34.htm
231,Aranya,35, Ravana proceeds to Mareecha,https://sanskritdocuments.org/sites/valmikiramayan/aranya/sarga35/aranyasans35.htm
232,Aranya,36, Ravana seeks Mareecha's help,https://sanskritdocuments.org/sites/valmikiramayan/aranya/sarga36/aranyasans36.htm
233,Aranya,37, Maareecha's advise to Ravana,https://sanskritdocuments.org/sites/valmikiramayan/aranya/sarga37/aranyasans37.htm
234,Aranya,38, Maareecha's good word to Ravana,https://sanskritdocuments.org/sites/valmikiramayan/aranya/sarga38/aranyasans38.htm
235,Aranya,39, Maareecha further advises Ravana,https://sanskritdocuments.org/sites/valmikiramayan/aranya/sarga39/aranyasans39.htm
236,Aranya,40, Ravana rebuts Maareecha,https://sanskritdocuments.org/sites/valmikiramayan/aranya/sarga40/aranyasans40.htm
237,Aranya,41, Maareecha dissuades Ravana,https://sanskritdocuments.org/sites/valmikiramayan/aranya/sarga41/aranyasans41.htm
238,Aranya,42, Maareecha turns into Golden Deer,https://sanskritdocuments.org/sites/valmikiramayan/aranya/sarga42/aranyasans42.htm
239,Aranya,43, Lure of the Golden Deer,https://sanskritdocuments.org/sites/valmikiramayan/aranya/sarga43/aranyasans43.htm
240,Aranya,44, Rama eliminates Maareecha,https://sanskritdocuments.org/sites/valmikiramayan/aranya/sarga44/aranyasans44.htm
241,Aranya,45, Seetha rebukes Lakshmana,https://sanskritdocuments.org/sites/valmikiramayan/aranya/sarga45/aranyasans45.htm
242,Aranya,46, Ravana praises Seetha's beauty,https://sanskritdocuments.org/sites/valmikiramayan/aranya/sarga46/aranyasans46.htm
243,Aranya,47," The debate of Seetha and Ravana is started,",https://sanskritdocuments.org/sites/valmikiramayan/aranya/sarga47/aranyasans47.htm
244,Aranya,48, Ravana tempts Seetha,https://sanskritdocuments.org/sites/valmikiramayan/aranya/sarga48/aranyasans48.htm
245,Aranya,49, Seetha's abduction takes place now,https://sanskritdocuments.org/sites/valmikiramayan/aranya/sarga49/aranyasans49.htm
246,Aranya,50, Jataayu's confrontation with Ravana,https://sanskritdocuments.org/sites/valmikiramayan/aranya/sarga50/aranyasans50.htm
247,Aranya,51, The combat of Jataayu and Ravana,https://sanskritdocuments.org/sites/valmikiramayan/aranya/sarga51/aranyasans51.htm
248,Aranya,52, The combat of Jataayu and Ravana,https://sanskritdocuments.org/sites/valmikiramayan/aranya/sarga52/aranyasans52.htm
249,Aranya,53, Seetha denounces Ravana's misdeeds,https://sanskritdocuments.org/sites/valmikiramayan/aranya/sarga53/aranyasans53.htm
250,Aranya,54, Seetha drops jewellery at Sugreeva,https://sanskritdocuments.org/sites/valmikiramayan/aranya/sarga54/aranyasans54.htm
251,Aranya,55, Ravana entices Seetha to marry him,https://sanskritdocuments.org/sites/valmikiramayan/aranya/sarga55/aranyasans55.htm
252,Aranya,56, Seetha reprimands Ravana,https://sanskritdocuments.org/sites/valmikiramayan/aranya/sarga56/aranyasans56.htm
253,Aranya,57, Rama meets Lakshmana,https://sanskritdocuments.org/sites/valmikiramayan/aranya/sarga57/aranyasans57.htm
254,Aranya,58, Rama anguishes for Seetha's aloneness,https://sanskritdocuments.org/sites/valmikiramayan/aranya/sarga58/aranyasans58.htm
255,Aranya,59, Rama reprimands Lakshmana,https://sanskritdocuments.org/sites/valmikiramayan/aranya/sarga59/aranyasans59.htm
256,Aranya,60, Rama laments for Seetha's separation,https://sanskritdocuments.org/sites/valmikiramayan/aranya/sarga60/aranyasans60.htm
257,Aranya,61, Rama laments for Seetha [contd.],https://sanskritdocuments.org/sites/valmikiramayan/aranya/sarga61/aranyasans61.htm
258,Aranya,62, Rama laments for Seetha [contd.],https://sanskritdocuments.org/sites/valmikiramayan/aranya/sarga62/aranyasans62.htm
259,Aranya,63, Rama laments for Seetha [contd.],https://sanskritdocuments.org/sites/valmikiramayan/aranya/sarga63/aranyasans63.htm
260,Aranya,64, Rama finds Seetha's flowers and jewelry,https://sanskritdocuments.org/sites/valmikiramayan/aranya/sarga64/aranyasans64.htm
261,Aranya,65, Lakshmana pacifies Rama's fury,https://sanskritdocuments.org/sites/valmikiramayan/aranya/sarga65/aranyasans65.htm
262,Aranya,66, Lakshmana's advisory words to Rama,https://sanskritdocuments.org/sites/valmikiramayan/aranya/sarga66/aranyasans66.htm
263,Aranya,67, Rama spots wing clipped Jataayu.,https://sanskritdocuments.org/sites/valmikiramayan/aranya/sarga67/aranyasans67.htm
264,Aranya,68, Jataayu infoms about Ravana and dies.,https://sanskritdocuments.org/sites/valmikiramayan/aranya/sarga68/aranyasans68.htm
265,Aranya,69," Kabandha captures Rama, Lakshmana",https://sanskritdocuments.org/sites/valmikiramayan/aranya/sarga69/aranyasans69.htm
266,Aranya,70, Kabandha's overlong arms are cut off,https://sanskritdocuments.org/sites/valmikiramayan/aranya/sarga70/aranyasans70.htm
267,Aranya,71, Kabandha requestes for incineration,https://sanskritdocuments.org/sites/valmikiramayan/aranya/sarga71/aranyasans71.htm
268,Aranya,72, Kabandha advises Rama to meet Sugreeva,https://sanskritdocuments.org/sites/valmikiramayan/aranya/sarga72/aranyasans72.htm
269,Aranya,73, Kabandha extols Pampa Lake,https://sanskritdocuments.org/sites/valmikiramayan/aranya/sarga73/aranyasans73.htm
270,Aranya,74, Shabari gets salvation,https://sanskritdocuments.org/sites/valmikiramayan/aranya/sarga74/aranyasans74.htm
271,Aranya,75, Rama and Lakshmana arrive at Pampa Lake,https://sanskritdocuments.org/sites/valmikiramayan/aranya/sarga75/aranyasans75.htm
272,Kishkindha,1, Sri Rama at Pampa Lake lamenting for Seetha,https://sanskritdocuments.org/sites/valmikiramayan/kish/sarga1/kishkindhasans1.htm
273,Kishkindha,2, The fearless Hanuma,https://sanskritdocuments.org/sites/valmikiramayan/kish/sarga2/kishkindhasans2.htm
274,Kishkindha,3, Hanuma meets Sri Rama,https://sanskritdocuments.org/sites/valmikiramayan/kish/sarga3/kishkindhasans3.htm
275,Kishkindha,4, Lakshmana's narration to Hanuma,https://sanskritdocuments.org/sites/valmikiramayan/kish/sarga4/kishkindhasans4.htm
276,Kishkindha,5, Oath of friendship,https://sanskritdocuments.org/sites/valmikiramayan/kish/sarga5/kishkindhasans5.htm
277,Kishkindha,6, Sugreeva's narration of the abduction,https://sanskritdocuments.org/sites/valmikiramayan/kish/sarga6/kishkindhasans6.htm
278,Kishkindha,7, Friendly discourse,https://sanskritdocuments.org/sites/valmikiramayan/kish/sarga7/kishkindhasans7.htm
279,Kishkindha,8, The tale of enmity between Vali and Sugreeva,https://sanskritdocuments.org/sites/valmikiramayan/kish/sarga8/kishkindhasans8.htm
280,Kishkindha,9, The strength of Vali,https://sanskritdocuments.org/sites/valmikiramayan/kish/sarga9/kishkindhasans9.htm
281,Kishkindha,10, Banishment of Sugreeva by Vali,https://sanskritdocuments.org/sites/valmikiramayan/kish/sarga10/kishkindhasans10.htm
282,Kishkindha,11, The incident of Dundubhi,https://sanskritdocuments.org/sites/valmikiramayan/kish/sarga11/kishkindhasans11.htm
283,Kishkindha,12, The initial challenge,https://sanskritdocuments.org/sites/valmikiramayan/kish/sarga12/kishkindhasans12.htm
284,Kishkindha,13, Saptajana hermitage,https://sanskritdocuments.org/sites/valmikiramayan/kish/sarga13/kishkindhasans13.htm
285,Kishkindha,14, The second challenge,https://sanskritdocuments.org/sites/valmikiramayan/kish/sarga14/kishkindhasans14.htm
286,Kishkindha,15, Tara's advice,https://sanskritdocuments.org/sites/valmikiramayan/kish/sarga15/kishkindhasans15.htm
287,Kishkindha,16, Sugreeva's second fight and Vali's falling down,https://sanskritdocuments.org/sites/valmikiramayan/kish/sarga16/kishkindhasans16.htm
288,Kishkindha,17, Vali's questioning Rama's propriety,https://sanskritdocuments.org/sites/valmikiramayan/kish/sarga17/kishkindhasans17.htm
289,Kishkindha,18, Rama's elucidation of dharma to vali,https://sanskritdocuments.org/sites/valmikiramayan/kish/sarga18/kishkindhasans18.htm
290,Kishkindha,19, Tara's arrival at Vali in battlefield,https://sanskritdocuments.org/sites/valmikiramayan/kish/sarga19/kishkindhasans19.htm
291,Kishkindha,20, Tara's lamentation for Vali's death,https://sanskritdocuments.org/sites/valmikiramayan/kish/sarga20/kishkindhasans20.htm
292,Kishkindha,21, Hanuma consoles Tara,https://sanskritdocuments.org/sites/valmikiramayan/kish/sarga21/kishkindhasans21.htm
293,Kishkindha,22, Vali's death-time advises,https://sanskritdocuments.org/sites/valmikiramayan/kish/sarga22/kishkindhasans22.htm
294,Kishkindha,23, Tara's lament for death of Vali,https://sanskritdocuments.org/sites/valmikiramayan/kish/sarga23/kishkindhasans23.htm
295,Kishkindha,24, Tara Sugreeva's resolve to die with Valii,https://sanskritdocuments.org/sites/valmikiramayan/kish/sarga24/kishkindhasans24.htm
296,Kishkindha,25, Vali's funeral ritual,https://sanskritdocuments.org/sites/valmikiramayan/kish/sarga25/kishkindhasans25.htm
297,Kishkindha,26, Sugreeva's coronation,https://sanskritdocuments.org/sites/valmikiramayan/kish/sarga26/kishkindhasans26.htm
298,Kishkindha,27, Rama at Mt. Prasavana,https://sanskritdocuments.org/sites/valmikiramayan/kish/sarga27/kishkindhasans27.htm
299,Kishkindha,28, Eulogy on Rainy Season,https://sanskritdocuments.org/sites/valmikiramayan/kish/sarga28/kishkindhasans28.htm
300,Kishkindha,29, Hanuma's advise to Sugreeva,https://sanskritdocuments.org/sites/valmikiramayan/kish/sarga29/kishkindhasans29.htm
301,Kishkindha,30, Autumn [Sharad R^itu] eulogised,https://sanskritdocuments.org/sites/valmikiramayan/kish/sarga30/kishkindhasans30.htm
302,Kishkindha,31, Lakshmana's fury,https://sanskritdocuments.org/sites/valmikiramayan/kish/sarga31/kishkindhasans31.htm
303,Kishkindha,32, Hanuma's advise to Sugreeva,https://sanskritdocuments.org/sites/valmikiramayan/kish/sarga32/kishkindhasans32.htm
304,Kishkindha,33," Lakshmana's fury, Tara's pacifying",https://sanskritdocuments.org/sites/valmikiramayan/kish/sarga33/kishkindhasans33.htm
305,Kishkindha,34, Lakshmana upbraids Sugreeva,https://sanskritdocuments.org/sites/valmikiramayan/kish/sarga34/kishkindhasans34.htm
306,Kishkindha,35, Tara appeases Lakshmana,https://sanskritdocuments.org/sites/valmikiramayan/kish/sarga35/kishkindhasans35.htm
307,Kishkindha,36, Sugreeva's apology pacifies Lakshmana,https://sanskritdocuments.org/sites/valmikiramayan/kish/sarga36/kishkindhasans36.htm
308,Kishkindha,37, Monkey chiefs go round the earth,https://sanskritdocuments.org/sites/valmikiramayan/kish/sarga37/kishkindhasans37.htm
309,Kishkindha,38, Sugreeva approaches Rama,https://sanskritdocuments.org/sites/valmikiramayan/kish/sarga38/kishkindhasans38.htm
310,Kishkindha,39, Rama mildly admonishes Sugreeva,https://sanskritdocuments.org/sites/valmikiramayan/kish/sarga39/kishkindhasans39.htm
311,Kishkindha,40, Sugreeva orders Eastside search,https://sanskritdocuments.org/sites/valmikiramayan/kish/sarga40/kishkindhasans40.htm
312,Kishkindha,41, Sugreeva sends Vanara-s to Southward,https://sanskritdocuments.org/sites/valmikiramayan/kish/sarga41/kishkindhasans41.htm
313,Kishkindha,42, Sugreeva sends troops to west side,https://sanskritdocuments.org/sites/valmikiramayan/kish/sarga42/kishkindhasans42.htm
314,Kishkindha,43, Sugreeva sends troops to north,https://sanskritdocuments.org/sites/valmikiramayan/kish/sarga43/kishkindhasans43.htm
315,Kishkindha,44, Rama gives ring to Hanuma,https://sanskritdocuments.org/sites/valmikiramayan/kish/sarga44/kishkindhasans44.htm
316,Kishkindha,45, The war cries of monkey soldiers,https://sanskritdocuments.org/sites/valmikiramayan/kish/sarga45/kishkindhasans45.htm
317,Kishkindha,46, Sugreeva's knowledge of physical world,https://sanskritdocuments.org/sites/valmikiramayan/kish/sarga46/kishkindhasans46.htm
318,Kishkindha,47," Search for Seetha failed in east, north, and west",https://sanskritdocuments.org/sites/valmikiramayan/kish/sarga47/kishkindhasans47.htm
319,Kishkindha,48, Hanuma's search for Seetha,https://sanskritdocuments.org/sites/valmikiramayan/kish/sarga48/kishkindhasans48.htm
320,Kishkindha,49, Angada encourages all of the monkeys,https://sanskritdocuments.org/sites/valmikiramayan/kish/sarga49/kishkindhasans49.htm
321,Kishkindha,50," Search of Vanaras in Riksha cavity,",https://sanskritdocuments.org/sites/valmikiramayan/kish/sarga50/kishkindhasans50.htm
322,Kishkindha,51, The legend of Black Cave,https://sanskritdocuments.org/sites/valmikiramayan/kish/sarga51/kishkindhasans51.htm
323,Kishkindha,52, Vanaras deliverance from black hole,https://sanskritdocuments.org/sites/valmikiramayan/kish/sarga52/kishkindhasans52.htm
324,Kishkindha,53, Angada proposes fast unto death,https://sanskritdocuments.org/sites/valmikiramayan/kish/sarga53/kishkindhasans53.htm
325,Kishkindha,54, Hanuma advises Angada,https://sanskritdocuments.org/sites/valmikiramayan/kish/sarga54/kishkindhasans54.htm
326,Kishkindha,55, Monkeys decide to fast unto death,https://sanskritdocuments.org/sites/valmikiramayan/kish/sarga55/kishkindhasans55.htm
327,Kishkindha,56, Sampaati hears of Jataayu's death,https://sanskritdocuments.org/sites/valmikiramayan/kish/sarga56/kishkindhasans56.htm
328,Kishkindha,57, Angada informs their plight to Sampaati,https://sanskritdocuments.org/sites/valmikiramayan/kish/sarga57/kishkindhasans57.htm
329,Kishkindha,58, Sampaati informs Angada about Seetha,https://sanskritdocuments.org/sites/valmikiramayan/kish/sarga58/kishkindhasans58.htm
330,Kishkindha,59, Sampaati details Angada about Seetha,https://sanskritdocuments.org/sites/valmikiramayan/kish/sarga59/kishkindhasans59.htm
331,Kishkindha,60, Sampaati narrates his legend,https://sanskritdocuments.org/sites/valmikiramayan/kish/sarga60/kishkindhasans60.htm
332,Kishkindha,61, Sampaati's legend [contd.],https://sanskritdocuments.org/sites/valmikiramayan/kish/sarga61/kishkindhasans61.htm
333,Kishkindha,62, Sampaati's legend [contd.],https://sanskritdocuments.org/sites/valmikiramayan/kish/sarga62/kishkindhasans62.htm
334,Kishkindha,63, Sampaati gets new wings and flew away,https://sanskritdocuments.org/sites/valmikiramayan/kish/sarga63/kishkindhasans63.htm
335,Kishkindha,64, Monkeys arrive at seashore,https://sanskritdocuments.org/sites/valmikiramayan/kish/sarga64/kishkindhasans64.htm
336,Kishkindha,65, Monkeys fear to jump the ocean,https://sanskritdocuments.org/sites/valmikiramayan/kish/sarga65/kishkindhasans65.htm
337,Kishkindha,66, Legend of Hanuma's birth,https://sanskritdocuments.org/sites/valmikiramayan/kish/sarga66/kishkindhasans66.htm
338,Kishkindha,67, Hanuma asserts his capabilities to leap the ocean,https://sanskritdocuments.org/sites/valmikiramayan/kish/sarga67/kishkindhasans67.htm
339,Sunder,1, Hanuma's Flight over Ocean,https://sanskritdocuments.org/sites/valmikiramayan/sundara/sarga1/sundarasans1.htm
340,Sunder,2, The city of Lanka,https://sanskritdocuments.org/sites/valmikiramayan/sundara/sarga2/sundarasans2.htm
341,Sunder,3, Hanuma conquers Lanka,https://sanskritdocuments.org/sites/valmikiramayan/sundara/sarga3/sundarasans3.htm
342,Sunder,4, Hanuma enters the city of Lanka,https://sanskritdocuments.org/sites/valmikiramayan/sundara/sarga4/sundarasans4.htm
343,Sunder,5, Ravana's palace,https://sanskritdocuments.org/sites/valmikiramayan/sundara/sarga5/sundarasans5.htm
344,Sunder,6, Inside the palace,https://sanskritdocuments.org/sites/valmikiramayan/sundara/sarga6/sundarasans6.htm
345,Sunder,7, Hanuma sees Pushpaka in Ravana's inner city,https://sanskritdocuments.org/sites/valmikiramayan/sundara/sarga7/sundarasans7.htm
346,Sunder,8, Description of the Pushpaka,https://sanskritdocuments.org/sites/valmikiramayan/sundara/sarga8/sundarasans8.htm
347,Sunder,9, The inner buildings of Ravana's house,https://sanskritdocuments.org/sites/valmikiramayan/sundara/sarga9/sundarasans9.htm
348,Sunder,10, Hanuma enters Ravana's house,https://sanskritdocuments.org/sites/valmikiramayan/sundara/sarga10/sundarasans10.htm
349,Sunder,11, Hanuma continues search for Seetha,https://sanskritdocuments.org/sites/valmikiramayan/sundara/sarga11/sundarasans11.htm
350,Sunder,12, Hanuma's depression,https://sanskritdocuments.org/sites/valmikiramayan/sundara/sarga12/sundarasans12.htm
351,Sunder,13, Hanuma starts to search in Ashoka garden,https://sanskritdocuments.org/sites/valmikiramayan/sundara/sarga13/sundarasans13.htm
352,Sunder,14, Hanuma enters the Ashoka garden,https://sanskritdocuments.org/sites/valmikiramayan/sundara/sarga14/sundarasans14.htm
353,Sunder,15, Hanuma sees Seetha,https://sanskritdocuments.org/sites/valmikiramayan/sundara/sarga15/sundarasans15.htm
354,Sunder,16, Hanuma's grief at the plight of Seetha,https://sanskritdocuments.org/sites/valmikiramayan/sundara/sarga16/sundarasans16.htm
355,Sunder,17, Hanuma sees Seetha with ogresses,https://sanskritdocuments.org/sites/valmikiramayan/sundara/sarga17/sundarasans17.htm
356,Sunder,18, Ravana comes to Seetha,https://sanskritdocuments.org/sites/valmikiramayan/sundara/sarga18/sundarasans18.htm
357,Sunder,19, Seetha in Ashoka garden,https://sanskritdocuments.org/sites/valmikiramayan/sundara/sarga19/sundarasans19.htm
358,Sunder,20, Ravana talks to Seetha,https://sanskritdocuments.org/sites/valmikiramayan/sundara/sarga20/sundarasans20.htm
359,Sunder,21, Seetha's reply,https://sanskritdocuments.org/sites/valmikiramayan/sundara/sarga21/sundarasans21.htm
360,Sunder,22, Ravana gives deadline,https://sanskritdocuments.org/sites/valmikiramayan/sundara/sarga22/sundarasans22.htm
361,Sunder,23, Ogres frighten Seetha,https://sanskritdocuments.org/sites/valmikiramayan/sundara/sarga23/sundarasans23.htm
362,Sunder,24, Seetha's reply to Ogres,https://sanskritdocuments.org/sites/valmikiramayan/sundara/sarga24/sundarasans24.htm
363,Sunder,25, Seetha bursts into a wail,https://sanskritdocuments.org/sites/valmikiramayan/sundara/sarga25/sundarasans25.htm
364,Sunder,26, Seetha decides to give up life,https://sanskritdocuments.org/sites/valmikiramayan/sundara/sarga26/sundarasans26.htm
365,Sunder,27, Trijata's dream,https://sanskritdocuments.org/sites/valmikiramayan/sundara/sarga27/sundarasans27.htm
366,Sunder,28, Seetha recollects the time limit,https://sanskritdocuments.org/sites/valmikiramayan/sundara/sarga28/sundarasans28.htm
367,Sunder,29, Seetha experiences some good omens,https://sanskritdocuments.org/sites/valmikiramayan/sundara/sarga29/sundarasans29.htm
368,Sunder,30, Hanuma falls in dilemma,https://sanskritdocuments.org/sites/valmikiramayan/sundara/sarga30/sundarasans30.htm
369,Sunder,31, Hanuma began to narrate story of to Seetha,https://sanskritdocuments.org/sites/valmikiramayan/sundara/sarga31/sundarasans31.htm
370,Sunder,32, Seetha is shocked to see Hanuma,https://sanskritdocuments.org/sites/valmikiramayan/sundara/sarga32/sundarasans32.htm
371,Sunder,33, Seetha antecedents to Hanuma,https://sanskritdocuments.org/sites/valmikiramayan/sundara/sarga33/sundarasans33.htm
372,Sunder,34, Hanuma reveals himself to be a messenger of,https://sanskritdocuments.org/sites/valmikiramayan/sundara/sarga34/sundarasans34.htm
373,Sunder,35, Seetha asks Hanuma to describe the characteristics,https://sanskritdocuments.org/sites/valmikiramayan/sundara/sarga35/sundarasans35.htm
374,Sunder,36," Hanuma gives Seetha, the signet ring sent by",https://sanskritdocuments.org/sites/valmikiramayan/sundara/sarga36/sundarasans36.htm
375,Sunder,37, Seetha was both delighted and depressed,https://sanskritdocuments.org/sites/valmikiramayan/sundara/sarga37/sundarasans37.htm
376,Sunder,38, Hanuma asks Seetha to give him a token of remembrance,https://sanskritdocuments.org/sites/valmikiramayan/sundara/sarga38/sundarasans38.htm
377,Sunder,39, To urge and Lakshmana,https://sanskritdocuments.org/sites/valmikiramayan/sundara/sarga39/sundarasans39.htm
378,Sunder,40, Hanuma consoles Seetha and travels northward,https://sanskritdocuments.org/sites/valmikiramayan/sundara/sarga40/sundarasans40.htm
379,Sunder,41, Hanuma thinks to meet Ravana,https://sanskritdocuments.org/sites/valmikiramayan/sundara/sarga41/sundarasans41.htm
380,Sunder,42, Female-demons enquires Seetha about Hanuma,https://sanskritdocuments.org/sites/valmikiramayan/sundara/sarga42/sundarasans42.htm
381,Sunder,43, Hanuma thinks of destroying a sacred sanctuary of demons,https://sanskritdocuments.org/sites/valmikiramayan/sundara/sarga43/sundarasans43.htm
382,Sunder,44, Ravana sends Jambumali,https://sanskritdocuments.org/sites/valmikiramayan/sundara/sarga44/sundarasans44.htm
383,Sunder,45, Hanuma kills Prahasta's seven sons,https://sanskritdocuments.org/sites/valmikiramayan/sundara/sarga45/sundarasans45.htm
384,Sunder,46, Ravana sends five army-generals,https://sanskritdocuments.org/sites/valmikiramayan/sundara/sarga46/sundarasans46.htm
385,Sunder,47, Ravana sends his son Aksha,https://sanskritdocuments.org/sites/valmikiramayan/sundara/sarga47/sundarasans47.htm
386,Sunder,48, Ravana sends his son Indrajit,https://sanskritdocuments.org/sites/valmikiramayan/sundara/sarga48/sundarasans48.htm
387,Sunder,49, Hanuma sees well-adorned Ravana,https://sanskritdocuments.org/sites/valmikiramayan/sundara/sarga49/sundarasans49.htm
388,Sunder,50, Hanuma declares himself to be a messenger of,https://sanskritdocuments.org/sites/valmikiramayan/sundara/sarga50/sundarasans50.htm
389,Sunder,51, Hanuma narrates the story of,https://sanskritdocuments.org/sites/valmikiramayan/sundara/sarga51/sundarasans51.htm
390,Sunder,52, Ravana orders Hanuma to be killed,https://sanskritdocuments.org/sites/valmikiramayan/sundara/sarga52/sundarasans52.htm
391,Sunder,53, Later Ravana orders to set fire to his tail,https://sanskritdocuments.org/sites/valmikiramayan/sundara/sarga53/sundarasans53.htm
392,Sunder,54, Hanuma makes up his mind to set fire the city of Lanka,https://sanskritdocuments.org/sites/valmikiramayan/sundara/sarga54/sundarasans54.htm
393,Sunder,55, Hanuma doubts whether Seetha dies in the fire,https://sanskritdocuments.org/sites/valmikiramayan/sundara/sarga55/sundarasans55.htm
394,Sunder,56, Hanuma again visits Ashoka garden and sees Seetha,https://sanskritdocuments.org/sites/valmikiramayan/sundara/sarga56/sundarasans56.htm
395,Sunder,57, Hanuma leaps from Lanka and touches Mount Mainaka,https://sanskritdocuments.org/sites/valmikiramayan/sundara/sarga57/sundarasans57.htm
396,Sunder,58, Jambavan requests Hanuma to narrate clearly the happenings,https://sanskritdocuments.org/sites/valmikiramayan/sundara/sarga58/sundarasans58.htm
397,Sunder,59, Hanuma describes the plight of Seetha to his fellow monkeys,https://sanskritdocuments.org/sites/valmikiramayan/sundara/sarga59/sundarasans59.htm
398,Sunder,60, Jambavan's wise guidelines,https://sanskritdocuments.org/sites/valmikiramayan/sundara/sarga60/sundarasans60.htm
399,Sunder,61, Monkeys took halt at Madhuvana,https://sanskritdocuments.org/sites/valmikiramayan/sundara/sarga61/sundarasans61.htm
400,Sunder,62, Dadhimukha departs to Kishkindha,https://sanskritdocuments.org/sites/valmikiramayan/sundara/sarga62/sundarasans62.htm
401,Sunder,63, Dadhimukha reports Madhuvana destruction to Sugreeva,https://sanskritdocuments.org/sites/valmikiramayan/sundara/sarga63/sundarasans63.htm
402,Sunder,64, Hanuma apprises of the discovery of Seetha,https://sanskritdocuments.org/sites/valmikiramayan/sundara/sarga64/sundarasans64.htm
403,Sunder,65, Hanuma conveys Seetha's message to .,https://sanskritdocuments.org/sites/valmikiramayan/sundara/sarga65/sundarasans65.htm
404,Sunder,66," urges Hanuma, to repeat the words spoken by Seetha.",https://sanskritdocuments.org/sites/valmikiramayan/sundara/sarga66/sundarasans66.htm
405,Sunder,67, Hanuma narrates an incident connected with a crow,https://sanskritdocuments.org/sites/valmikiramayan/sundara/sarga67/sundarasans67.htm
406,Sunder,68, Seetha expressed her grave doubt,https://sanskritdocuments.org/sites/valmikiramayan/sundara/sarga68/sundarasans68.htm
407,Yuddha,1, Rama appreciates Hanuma and embraces him,https://sanskritdocuments.org/sites/valmikiramayan/yuddha/sarga1/yuddhasans1.htm
408,Yuddha,2, Sugreeva comforts Rama,https://sanskritdocuments.org/sites/valmikiramayan/yuddha/sarga2/yuddhasans2.htm
409,Yuddha,3, Rama requests Hanuma to describe Lanka in detail,https://sanskritdocuments.org/sites/valmikiramayan/yuddha/sarga3/yuddhasans3.htm
410,Yuddha,4, Rama fixes an auspicious hour for the departure,https://sanskritdocuments.org/sites/valmikiramayan/yuddha/sarga4/yuddhasans4.htm
411,Yuddha,5, Sri Rama recollects the lotus-eyed Seetha,https://sanskritdocuments.org/sites/valmikiramayan/yuddha/sarga5/yuddhasans5.htm
412,Yuddha,6, Ravana calls a meetings of his ministers,https://sanskritdocuments.org/sites/valmikiramayan/yuddha/sarga6/yuddhasans6.htm
413,Yuddha,7, The demons inspire Ravana,https://sanskritdocuments.org/sites/valmikiramayan/yuddha/sarga7/yuddhasans7.htm
414,Yuddha,8, All demons eulogising their strengths,https://sanskritdocuments.org/sites/valmikiramayan/yuddha/sarga8/yuddhasans8.htm
415,Yuddha,9, Vibhishana speak words of morality,https://sanskritdocuments.org/sites/valmikiramayan/yuddha/sarga9/yuddhasans9.htm
416,Yuddha,10, Vibhishana advises Ravana to restore Seetha to Rama,https://sanskritdocuments.org/sites/valmikiramayan/yuddha/sarga10/yuddhasans10.htm
417,Yuddha,11, Ravana goes again to the assembly hall,https://sanskritdocuments.org/sites/valmikiramayan/yuddha/sarga11/yuddhasans11.htm
418,Yuddha,12, Ravana instructs Prahasta to defend Lanka,https://sanskritdocuments.org/sites/valmikiramayan/yuddha/sarga12/yuddhasans12.htm
419,Yuddha,13, Mahaparsva's advise to Ravana,https://sanskritdocuments.org/sites/valmikiramayan/yuddha/sarga13/yuddhasans13.htm
420,Yuddha,14, Vibhishana informs about the power of Rama's arrow,https://sanskritdocuments.org/sites/valmikiramayan/yuddha/sarga14/yuddhasans14.htm
421,Yuddha,15, Indrajit criticizes Vibhishana,https://sanskritdocuments.org/sites/valmikiramayan/yuddha/sarga15/yuddhasans15.htm
422,Yuddha,16, Ravana refuses to hear the words of Vibhishana,https://sanskritdocuments.org/sites/valmikiramayan/yuddha/sarga16/yuddhasans16.htm
423,Yuddha,17, Vibhishana reaches Rama's places,https://sanskritdocuments.org/sites/valmikiramayan/yuddha/sarga17/yuddhasans17.htm
424,Yuddha,18, Vibhishana joins as an associate in Rama's side,https://sanskritdocuments.org/sites/valmikiramayan/yuddha/sarga18/yuddhasans18.htm
425,Yuddha,19, Vibhishana seeks refuge at the feet of Rama,https://sanskritdocuments.org/sites/valmikiramayan/yuddha/sarga19/yuddhasans19.htm
426,Yuddha,20, Ravana sends Shuka to Sugreeva as an ambassador,https://sanskritdocuments.org/sites/valmikiramayan/yuddha/sarga20/yuddhasans20.htm
427,Yuddha,21, Rama becomes angry at the ocean,https://sanskritdocuments.org/sites/valmikiramayan/yuddha/sarga21/yuddhasans21.htm
428,Yuddha,22, Sea-god advices Rama with joined palms to build a bridge,https://sanskritdocuments.org/sites/valmikiramayan/yuddha/sarga22/yuddhasans22.htm
429,Yuddha,23, Rama explains to Lakshmana the various portents,https://sanskritdocuments.org/sites/valmikiramayan/yuddha/sarga23/yuddhasans23.htm
430,Yuddha,24, Rama orders for release of Suka,https://sanskritdocuments.org/sites/valmikiramayan/yuddha/sarga24/yuddhasans24.htm
431,Yuddha,25, Suka explains the strength of the enemy's army to Ravana,https://sanskritdocuments.org/sites/valmikiramayan/yuddha/sarga25/yuddhasans25.htm
432,Yuddha,26, Ravana enquires about the various monkey leaders,https://sanskritdocuments.org/sites/valmikiramayan/yuddha/sarga26/yuddhasans26.htm
433,Yuddha,27, Sharana describes the individual strength of the army,https://sanskritdocuments.org/sites/valmikiramayan/yuddha/sarga27/yuddhasans27.htm
434,Yuddha,28, Shuka enumerates the enemies,https://sanskritdocuments.org/sites/valmikiramayan/yuddha/sarga28/yuddhasans28.htm
435,Yuddha,29, Ravana reprimands Shuka and Sarana,https://sanskritdocuments.org/sites/valmikiramayan/yuddha/sarga29/yuddhasans29.htm
436,Yuddha,30, Ravana dispatches Sardula the demon-spy,https://sanskritdocuments.org/sites/valmikiramayan/yuddha/sarga30/yuddhasans30.htm
437,Yuddha,31, Rama enters Lanka at Suvela Mountain,https://sanskritdocuments.org/sites/valmikiramayan/yuddha/sarga31/yuddhasans31.htm
438,Yuddha,32, Seetha sees the illusory head and bow,https://sanskritdocuments.org/sites/valmikiramayan/yuddha/sarga32/yuddhasans32.htm
439,Yuddha,33, Sarama restores confidence to Seetha,https://sanskritdocuments.org/sites/valmikiramayan/yuddha/sarga33/yuddhasans33.htm
440,Yuddha,34, Sarama consoles Seetha,https://sanskritdocuments.org/sites/valmikiramayan/yuddha/sarga34/yuddhasans34.htm
441,Yuddha,35, Seetha asks Sarama about Ravana's decision,https://sanskritdocuments.org/sites/valmikiramayan/yuddha/sarga35/yuddhasans35.htm
442,Yuddha,36, Ravana abuses Malyavan,https://sanskritdocuments.org/sites/valmikiramayan/yuddha/sarga36/yuddhasans36.htm
443,Yuddha,37, Vibhishana sends spies into Lanka,https://sanskritdocuments.org/sites/valmikiramayan/yuddha/sarga37/yuddhasans37.htm
444,Yuddha,38, Rama decides to stay on Suvela mountain,https://sanskritdocuments.org/sites/valmikiramayan/yuddha/sarga38/yuddhasans38.htm
445,Yuddha,39, Rama and others see the charming garden on Suvela mountain,https://sanskritdocuments.org/sites/valmikiramayan/yuddha/sarga39/yuddhasans39.htm
446,Yuddha,40, On seeing Ravana Sugreeva bounces on him,https://sanskritdocuments.org/sites/valmikiramayan/yuddha/sarga40/yuddhasans40.htm
447,Yuddha,41, Rama sends Angada to Ravana,https://sanskritdocuments.org/sites/valmikiramayan/yuddha/sarga41/yuddhasans41.htm
448,Yuddha,42, Ravana commands his army to commence combat,https://sanskritdocuments.org/sites/valmikiramayan/yuddha/sarga42/yuddhasans42.htm
449,Yuddha,43, The duels arose between the monkeys and demons,https://sanskritdocuments.org/sites/valmikiramayan/yuddha/sarga43/yuddhasans43.htm
450,Yuddha,44, Indrajit comes back in an invisible form,https://sanskritdocuments.org/sites/valmikiramayan/yuddha/sarga44/yuddhasans44.htm
451,Yuddha,45, Two scions of Raghu dynasty fall on the ground,https://sanskritdocuments.org/sites/valmikiramayan/yuddha/sarga45/yuddhasans45.htm
452,Yuddha,46, Ravana applauds his son for his daring act,https://sanskritdocuments.org/sites/valmikiramayan/yuddha/sarga46/yuddhasans46.htm
453,Yuddha,47, Seetha's anguish about Rama and Lakshmana,https://sanskritdocuments.org/sites/valmikiramayan/yuddha/sarga47/yuddhasans47.htm
454,Yuddha,48, Trijata reassures Seetha,https://sanskritdocuments.org/sites/valmikiramayan/yuddha/sarga48/yuddhasans48.htm
455,Yuddha,49, Vibhishana approaches Rama,https://sanskritdocuments.org/sites/valmikiramayan/yuddha/sarga49/yuddhasans49.htm
456,Yuddha,50, Garuda the King of Birds appears,https://sanskritdocuments.org/sites/valmikiramayan/yuddha/sarga50/yuddhasans50.htm
457,Yuddha,51, Dhumraksha enters the battle field,https://sanskritdocuments.org/sites/valmikiramayan/yuddha/sarga51/yuddhasans51.htm
458,Yuddha,52, Dhumraksha along with army attacks the monkeys,https://sanskritdocuments.org/sites/valmikiramayan/yuddha/sarga52/yuddhasans52.htm
459,Yuddha,53, Ravana sends Vajradamstra,https://sanskritdocuments.org/sites/valmikiramayan/yuddha/sarga53/yuddhasans53.htm
460,Yuddha,54, Vajradamstra shows terror among the monkeys,https://sanskritdocuments.org/sites/valmikiramayan/yuddha/sarga54/yuddhasans54.htm
461,Yuddha,55, Ravana next sends Akampana,https://sanskritdocuments.org/sites/valmikiramayan/yuddha/sarga55/yuddhasans55.htm
462,Yuddha,56, Akampana enters the battle-field,https://sanskritdocuments.org/sites/valmikiramayan/yuddha/sarga56/yuddhasans56.htm
463,Yuddha,57, Ravana asks Prahasta to go to the battle,https://sanskritdocuments.org/sites/valmikiramayan/yuddha/sarga57/yuddhasans57.htm
464,Yuddha,58, Vibhishana explains the prowess of Prahasta,https://sanskritdocuments.org/sites/valmikiramayan/yuddha/sarga58/yuddhasans58.htm
465,Yuddha,59, Ravana himself appears on the battle-front,https://sanskritdocuments.org/sites/valmikiramayan/yuddha/sarga59/yuddhasans59.htm
466,Yuddha,60, Ravana sends demons to wake up Kumbhakarna,https://sanskritdocuments.org/sites/valmikiramayan/yuddha/sarga60/yuddhasans60.htm
467,Yuddha,61, Rama enquires about Kumbhakarna,https://sanskritdocuments.org/sites/valmikiramayan/yuddha/sarga61/yuddhasans61.htm
468,Yuddha,62, Kumbhakarna enters the abode of Ravana,https://sanskritdocuments.org/sites/valmikiramayan/yuddha/sarga62/yuddhasans62.htm
469,Yuddha,63, Kumbhakarna reassures Ravana,https://sanskritdocuments.org/sites/valmikiramayan/yuddha/sarga63/yuddhasans63.htm
470,Yuddha,64, He advises Kumbhakarna,https://sanskritdocuments.org/sites/valmikiramayan/yuddha/sarga64/yuddhasans64.htm
471,Yuddha,65, Kumbhakarna rebukes Mahodara,https://sanskritdocuments.org/sites/valmikiramayan/yuddha/sarga65/yuddhasans65.htm
472,Yuddha,66, Angada reassures the monkeys to return to the battle,https://sanskritdocuments.org/sites/valmikiramayan/yuddha/sarga66/yuddhasans66.htm
473,Yuddha,67, Kumbhakarna was slain in battle,https://sanskritdocuments.org/sites/valmikiramayan/yuddha/sarga67/yuddhasans67.htm
474,Yuddha,68, Ravana's grief over the deaths,https://sanskritdocuments.org/sites/valmikiramayan/yuddha/sarga68/yuddhasans68.htm
475,Yuddha,69, Death of Narantaka,https://sanskritdocuments.org/sites/valmikiramayan/yuddha/sarga69/yuddhasans69.htm
476,Yuddha,70, Hanuma kills Trishira,https://sanskritdocuments.org/sites/valmikiramayan/yuddha/sarga70/yuddhasans70.htm
477,Yuddha,71, Lakshmana kills Atikaya,https://sanskritdocuments.org/sites/valmikiramayan/yuddha/sarga71/yuddhasans71.htm
478,Yuddha,72, Ravana's grief over Atikaya's death,https://sanskritdocuments.org/sites/valmikiramayan/yuddha/sarga72/yuddhasans72.htm
479,Yuddha,73, Rama and Lakshmana fell unconscious,https://sanskritdocuments.org/sites/valmikiramayan/yuddha/sarga73/yuddhasans73.htm
480,Yuddha,74, Hanuma's journey to Himalayas,https://sanskritdocuments.org/sites/valmikiramayan/yuddha/sarga74/yuddhasans74.htm
481,Yuddha,75, The battle resumes,https://sanskritdocuments.org/sites/valmikiramayan/yuddha/sarga75/yuddhasans75.htm
482,Yuddha,76, Sugreeva kills Kumbha,https://sanskritdocuments.org/sites/valmikiramayan/yuddha/sarga76/yuddhasans76.htm
483,Yuddha,77," Kumbha's brother, Nikumbha faces the battle",https://sanskritdocuments.org/sites/valmikiramayan/yuddha/sarga77/yuddhasans77.htm
484,Yuddha,78, Ravana orders Makaraksha,https://sanskritdocuments.org/sites/valmikiramayan/yuddha/sarga78/yuddhasans78.htm
485,Yuddha,79, Makaraksha challenges Rama to fight with him,https://sanskritdocuments.org/sites/valmikiramayan/yuddha/sarga79/yuddhasans79.htm
486,Yuddha,80, Ravana instructs Indrajit to enter the battle field.,https://sanskritdocuments.org/sites/valmikiramayan/yuddha/sarga80/yuddhasans80.htm
487,Yuddha,81, Indrajit places illusory live image of Seetha,https://sanskritdocuments.org/sites/valmikiramayan/yuddha/sarga81/yuddhasans81.htm
488,Yuddha,82, Hanuma Leads the monkey army,https://sanskritdocuments.org/sites/valmikiramayan/yuddha/sarga82/yuddhasans82.htm
489,Yuddha,83, Seetha has been killed by Indrajit,https://sanskritdocuments.org/sites/valmikiramayan/yuddha/sarga83/yuddhasans83.htm
490,Yuddha,84, Vibhishana tells the secret of conjuring trick,https://sanskritdocuments.org/sites/valmikiramayan/yuddha/sarga84/yuddhasans84.htm
491,Yuddha,85, Rama sends Lakshmana to kill Indrajit,https://sanskritdocuments.org/sites/valmikiramayan/yuddha/sarga85/yuddhasans85.htm
492,Yuddha,86, Indrajit enters the battle-filed again,https://sanskritdocuments.org/sites/valmikiramayan/yuddha/sarga86/yuddhasans86.htm
493,Yuddha,87, Indrajit's harsh words to Vibhishana,https://sanskritdocuments.org/sites/valmikiramayan/yuddha/sarga87/yuddhasans87.htm
494,Yuddha,88, A fierce battle starts between Lakshmana and Indrajit,https://sanskritdocuments.org/sites/valmikiramayan/yuddha/sarga88/yuddhasans88.htm
495,Yuddha,89, Vibhishana destroys many demons,https://sanskritdocuments.org/sites/valmikiramayan/yuddha/sarga89/yuddhasans89.htm
496,Yuddha,90, Indrajit's horse was killed,https://sanskritdocuments.org/sites/valmikiramayan/yuddha/sarga90/yuddhasans90.htm
497,Yuddha,91, Lakshmana and others were treated by Sushena,https://sanskritdocuments.org/sites/valmikiramayan/yuddha/sarga91/yuddhasans91.htm
498,Yuddha,92, Ravana feels distressed over his son's death,https://sanskritdocuments.org/sites/valmikiramayan/yuddha/sarga92/yuddhasans92.htm
499,Yuddha,93, Rama destroys the troops of demons,https://sanskritdocuments.org/sites/valmikiramayan/yuddha/sarga93/yuddhasans93.htm
500,Yuddha,94, The female-demons lament over the death of their kith and kin,https://sanskritdocuments.org/sites/valmikiramayan/yuddha/sarga94/yuddhasans94.htm
501,Yuddha,95, Ravana fights fiercely with monkeys,https://sanskritdocuments.org/sites/valmikiramayan/yuddha/sarga95/yuddhasans95.htm
502,Yuddha,96, Sugreeva kills Virupaksha,https://sanskritdocuments.org/sites/valmikiramayan/yuddha/sarga96/yuddhasans96.htm
503,Yuddha,97, Sugreeva kills Mahodara,https://sanskritdocuments.org/sites/valmikiramayan/yuddha/sarga97/yuddhasans97.htm
504,Yuddha,98, Angada kills Mahaparsva,https://sanskritdocuments.org/sites/valmikiramayan/yuddha/sarga98/yuddhasans98.htm
505,Yuddha,99, The battle between Rama and Ravana,https://sanskritdocuments.org/sites/valmikiramayan/yuddha/sarga99/yuddhasans99.htm
506,Yuddha,100, Ravana runs away from the battle-field,https://sanskritdocuments.org/sites/valmikiramayan/yuddha/sarga100/yuddhasans100.htm
507,Yuddha,101, Hanuma brings mountain with life giving herbs,https://sanskritdocuments.org/sites/valmikiramayan/yuddha/sarga101/yuddhasans101.htm
508,Yuddha,102, Ravana gets severely hurt,https://sanskritdocuments.org/sites/valmikiramayan/yuddha/sarga102/yuddhasans102.htm
509,Yuddha,103, Ravana's charioteer carries away Ravana in the chariot,https://sanskritdocuments.org/sites/valmikiramayan/yuddha/sarga103/yuddhasans103.htm
510,Yuddha,104, Ravana re-approached the battle-field,https://sanskritdocuments.org/sites/valmikiramayan/yuddha/sarga104/yuddhasans104.htm
511,Yuddha,105, Sage Agastya's advice,https://sanskritdocuments.org/sites/valmikiramayan/yuddha/sarga105/yuddhasans105.htm
512,Yuddha,106, Rama spoke to Matali,https://sanskritdocuments.org/sites/valmikiramayan/yuddha/sarga106/yuddhasans106.htm
513,Yuddha,107, Rama and Ravana perform a fierce battle,https://sanskritdocuments.org/sites/valmikiramayan/yuddha/sarga107/yuddhasans107.htm
514,Yuddha,108, Rama kills Ravana,https://sanskritdocuments.org/sites/valmikiramayan/yuddha/sarga108/yuddhasans108.htm
515,Yuddha,109, Rama directs Vibhishana to perform the obsequies to Ravana,https://sanskritdocuments.org/sites/valmikiramayan/yuddha/sarga109/yuddhasans109.htm
516,Yuddha,110, All the consorts of Ravana lament,https://sanskritdocuments.org/sites/valmikiramayan/yuddha/sarga110/yuddhasans110.htm
517,Yuddha,111, Madodari laments on Ravana's death,https://sanskritdocuments.org/sites/valmikiramayan/yuddha/sarga111/yuddhasans111.htm
518,Yuddha,112, Vibhishana's installation,https://sanskritdocuments.org/sites/valmikiramayan/yuddha/sarga112/yuddhasans112.htm
519,Yuddha,113, Hanuma informs Seetha about Rama's victory,https://sanskritdocuments.org/sites/valmikiramayan/yuddha/sarga113/yuddhasans113.htm
520,Yuddha,114, Vibhishana brings Seetha to Rama,https://sanskritdocuments.org/sites/valmikiramayan/yuddha/sarga114/yuddhasans114.htm
521,Yuddha,115, Rama disowns her and asks her to seek shelter elsewhere.,https://sanskritdocuments.org/sites/valmikiramayan/yuddha/sarga115/yuddhasans115.htm
522,Yuddha,116, Seetha's taunting reply to Rama,https://sanskritdocuments.org/sites/valmikiramayan/yuddha/sarga116/yuddhasans116.htm
523,Yuddha,117, Gods reach Lanka and approach Rama,https://sanskritdocuments.org/sites/valmikiramayan/yuddha/sarga117/yuddhasans117.htm
524,Yuddha,118, The fire-god appears in person from the burning pyre,https://sanskritdocuments.org/sites/valmikiramayan/yuddha/sarga118/yuddhasans118.htm
525,Yuddha,119, Lord Shiva informs Rama about his father,https://sanskritdocuments.org/sites/valmikiramayan/yuddha/sarga119/yuddhasans119.htm
526,Yuddha,120, Indra's boon to Rama,https://sanskritdocuments.org/sites/valmikiramayan/yuddha/sarga120/yuddhasans120.htm
527,Yuddha,121, Rama prepares to leave for Ayodhya,https://sanskritdocuments.org/sites/valmikiramayan/yuddha/sarga121/yuddhasans121.htm
528,Yuddha,122, Rama along with Lakshmana and Seetha ascend the aerial car,https://sanskritdocuments.org/sites/valmikiramayan/yuddha/sarga122/yuddhasans122.htm
529,Yuddha,123, Rama shows to Seetha the places,https://sanskritdocuments.org/sites/valmikiramayan/yuddha/sarga123/yuddhasans123.htm
530,Yuddha,124, Rama lands at Sage Bharadwaja hermitage,https://sanskritdocuments.org/sites/valmikiramayan/yuddha/sarga124/yuddhasans124.htm
531,Yuddha,125, Hanuma informs Bharata about Ramaâ€™s return,https://sanskritdocuments.org/sites/valmikiramayan/yuddha/sarga125/yuddhasans125.htm
532,Yuddha,126, Hanuma recounts to Bharata about Rama in the forest,https://sanskritdocuments.org/sites/valmikiramayan/yuddha/sarga126/yuddhasans126.htm
533,Yuddha,127, Bharata commands for the reception of Rama in the City of Ayodhya,https://sanskritdocuments.org/sites/valmikiramayan/yuddha/sarga127/yuddhasans127.htm
534,Yuddha,128, Sri Rama pattabhishekam,https://sanskritdocuments.org/sites/valmikiramayan/yuddha/sarga128/yuddhasans128.htm
